CobDate,Strategy,Ticker,MtM_PnL
2026-09-01,Asia Carry,USD/CNH,1250000
2026-09-01,Asia Carry,USD/CNY,-210000
2026-09-01,Asia Carry,USD/HKD,420000
2026-09-01,LatAm RV,USD/BRL,-780000
2026-09-01,LatAm RV,USD/BRF,90000
2026-09-01,G10 Momentum,EUR/USD,610000
2026-09-01,G10 Momentum,USD/JPY,-340000
2026-09-01,EM Value,USD/ZAR,260000
2026-09-01,EM Value,USD/KRW,130000
2026-09-01,EM Value,USD/KRO,-55000
2026-09-01,Scandi Macro,USD/SEK,-185000
2026-09-01,Commodity FX,AUD/USD,375000
2026-09-01,Commodity FX,EUR/USD,-120000
2026-09-08,Asia Carry,USD/CNH,1380000
2026-09-08,Asia Carry,USD/CNY,-240000
2026-09-08,Asia Carry,USD/HKD,445000
2026-09-08,LatAm RV,USD/BRL,-640000
2026-09-08,LatAm RV,USD/BRF,75000
2026-09-08,G10 Momentum,EUR/USD,540000
2026-09-08,G10 Momentum,USD/JPY,-210000
2026-09-08,EM Value,USD/ZAR,315000
2026-09-08,EM Value,USD/KRW,145000
2026-09-08,EM Value,USD/KRO,-60000
2026-09-08,Scandi Macro,USD/SEK,-125000
2026-09-08,Commodity FX,AUD/USD,410000
2026-09-08,Commodity FX,EUR/USD,-90000
2026-09-15,Asia Carry,USD/CNH,1295000
2026-09-15,Asia Carry,USD/CNY,-185000
2026-09-15,Asia Carry,USD/HKD,470000
2026-09-15,LatAm RV,USD/BRL,-420000
2026-09-15,LatAm RV,USD/BRF,60000
2026-09-15,G10 Momentum,EUR/USD,720000
2026-09-15,G10 Momentum,USD/JPY,-95000
2026-09-15,EM Value,USD/ZAR,280000
2026-09-15,EM Value,USD/KRW,120000
2026-09-15,EM Value,USD/KRO,-45000
2026-09-15,Scandi Macro,USD/SEK,-65000
2026-09-15,Commodity FX,AUD/USD,455000
2026-09-15,Commodity FX,EUR/USD,-145000
2026-09-22,Asia Carry,USD/CNH,1460000
2026-09-22,Asia Carry,USD/CNY,-260000
2026-09-22,Asia Carry,USD/HKD,510000
2026-09-22,LatAm RV,USD/BRL,-255000
2026-09-22,LatAm RV,USD/BRF,45000
2026-09-22,G10 Momentum,EUR/USD,830000
2026-09-22,G10 Momentum,USD/JPY,45000
2026-09-22,EM Value,USD/ZAR,350000
2026-09-22,EM Value,USD/KRW,155000
2026-09-22,EM Value,USD/KRO,-65000
2026-09-22,Scandi Macro,USD/SEK,25000
2026-09-22,Commodity FX,AUD/USD,390000
2026-09-22,Commodity FX,EUR/USD,-65000
2026-09-30,Asia Carry,USD/CNH,1525000
2026-09-30,Asia Carry,USD/CNY,-225000
2026-09-30,Asia Carry,USD/HKD,485000
2026-09-30,LatAm RV,USD/BRL,-110000
2026-09-30,LatAm RV,USD/BRF,35000
2026-09-30,G10 Momentum,EUR/USD,760000
2026-09-30,G10 Momentum,USD/JPY,180000
2026-09-30,EM Value,USD/ZAR,425000
2026-09-30,EM Value,USD/KRW,170000
2026-09-30,EM Value,USD/KRO,-75000
2026-09-30,Scandi Macro,USD/SEK,95000
2026-09-30,Commodity FX,AUD/USD,520000
2026-09-30,Commodity FX,EUR/USD,-110000
2026-10-01,Asia Carry,USD/CNH,1490000
2026-10-01,Asia Carry,USD/CNY,-205000
2026-10-01,Asia Carry,USD/HKD,505000
2026-10-01,LatAm RV,USD/BRL,-45000
2026-10-01,LatAm RV,USD/BRF,30000
2026-10-01,G10 Momentum,EUR/USD,805000
2026-10-01,G10 Momentum,USD/JPY,225000
2026-10-01,EM Value,USD/ZAR,395000
2026-10-01,EM Value,USD/KRW,165000
2026-10-01,EM Value,USD/KRO,-68000
2026-10-01,Scandi Macro,USD/SEK,120000
2026-10-01,Commodity FX,AUD/USD,565000
2026-10-01,Commodity FX,EUR/USD,-75000
2026-10-07,Asia Carry,USD/CNH,1615000
2026-10-07,Asia Carry,USD/CNY,-250000
2026-10-07,Asia Carry,USD/HKD,535000
2026-10-07,LatAm RV,USD/BRL,85000
2026-10-07,LatAm RV,USD/BRF,25000
2026-10-07,G10 Momentum,EUR/USD,910000
2026-10-07,G10 Momentum,USD/JPY,155000
2026-10-07,EM Value,USD/ZAR,470000
2026-10-07,EM Value,USD/KRW,160000
2026-10-07,EM Value,USD/KRO,-70000
2026-10-07,Scandi Macro,USD/SEK,175000
2026-10-07,Commodity FX,AUD/USD,610000
2026-10-07,Commodity FX,EUR/USD,-90000
