2026-08-14,AED,3.6725
2026-08-14,AUD,1.535
2026-08-14,BRL,5.42
2026-08-14,CNH,7.15
2026-08-14,EUR,0.856
2026-08-14,GBP,0.737
2026-08-14,HKD,7.8
2026-08-14,INR,87.6
2026-08-14,JPY,147.2
2026-08-14,KRW,1385
2026-08-14,MXN,18.65
2026-08-14,SAR,3.75
2026-08-14,ZAR,17.45
2026-09-08,AED,3.6725
2026-09-08,AUD,1.52
2026-09-08,BRL,5.39
2026-09-08,CNH,7.125
2026-09-08,EUR,0.852
2026-09-08,GBP,0.735
2026-09-08,HKD,7.795
2026-09-08,INR,87.85
2026-09-08,JPY,148.3
2026-09-08,KRW,1378
2026-09-08,MXN,18.5
2026-09-08,SAR,3.75
2026-09-08,ZAR,17.3
2026-09-12,AED,3.6725
2026-09-12,AUD,1.505
2026-09-12,BRL,5.35
2026-09-12,CNH,7.1
2026-09-12,EUR,0.848
2026-09-12,GBP,0.732
2026-09-12,HKD,7.79
2026-09-12,INR,87.7
2026-09-12,JPY,147.6
2026-09-12,KRW,1370
2026-09-12,MXN,18.35
2026-09-12,SAR,3.75
2026-09-12,ZAR,17.1
2026-09-15,AED,3.6725
2026-09-15,AUD,1.495
2026-09-15,BRL,5.31
2026-09-15,CNH,7.08
2026-09-15,EUR,0.845
2026-09-15,GBP,0.729
2026-09-15,HKD,7.785
2026-09-15,INR,87.55
2026-09-15,JPY,146.9
2026-09-15,KRW,1362
2026-09-15,MXN,18.2
2026-09-15,SAR,3.75
2026-09-15,ZAR,16.95
